TABELA_S4;TABELA_DS;VIEW_DS;STATUS
TABW;S4H_TB_TABW;S4H_VW_TABW_R;
TADIR;S4H_TB_TADIR;S4H_VW_TADIR_R;
TAPL;S4H_TB_TAPL;S4H_VW_TAPL_R;
TBO01;S4H_TB_TBO01;S4H_VW_TBO01_R;
TBP0L;S4H_TB_TBP0L;S4H_VW_TBP0L_R;
TBTCO;S4H_TB_TBTCO;S4H_VW_TBTCO_R;
TBTCP;S4H_TB_TBTCP;S4H_VW_TBTCP_R;
TC24;S4H_TB_TC24;S4H_VW_TC24_R;
TC30T;S4H_TB_TC30T;S4H_VW_TC30T_R;
TC37A;S4H_TB_TC37A;S4H_VW_TC37A_R;
TC37T;S4H_TB_TC37T;S4H_VW_TC37T_R;
TCA02;S4H_TB_TCA02;S4H_VW_TCA02_R;
TCF02;S4H_TB_TCF02;S4H_VW_TCF02_R;
TCF03;S4H_TB_TCF03;S4H_VW_TCF03_R;
TCF04;S4H_TB_TCF04;S4H_VW_TCF04_R;
TCF05;S4H_TB_TCF05;S4H_VW_TCF05_R;
TCF06;S4H_TB_TCF06;S4H_VW_TCF06_R;
TCF07;S4H_TB_TCF07;S4H_VW_TCF07_R;
TCF08;S4H_TB_TCF08;S4H_VW_TCF08_R;
TCF10;S4H_TB_TCF10;S4H_VW_TCF10_R;
TCF11;S4H_TB_TCF11;S4H_VW_TCF11_R;
TCF12;S4H_TB_TCF12;S4H_VW_TCF12_R;
TCF13;S4H_TB_TCF13;S4H_VW_TCF13_R;
TCJ04;S4H_TB_TCJ04;S4H_VW_TCJ04_R;
TCJ1;S4H_TB_TCJ1;S4H_VW_TCJ1_R;
TCJ1T;S4H_TB_TCJ1T;S4H_VW_TCJ1T_R;
TCJ41;S4H_TB_TCJ41;S4H_VW_TCJ41_R;
TCJ4T;S4H_TB_TCJ4T;S4H_VW_TCJ4T_R;
TCK07;S4H_TB_TCK07;S4H_VW_TCK07_R;
TCKH1;S4H_TB_TCKH1;S4H_VW_TCKH1_R;
TCKH2;S4H_TB_TCKH2;S4H_VW_TCKH2_R;
TCKH3;S4H_TB_TCKH3;S4H_VW_TCKH3_R;
TCKH5;S4H_TB_TCKH5;S4H_VW_TCKH5_R;
TCKH6;S4H_TB_TCKH6;S4H_VW_TCKH6_R;
TCLA;S4H_TB_TCLA;S4H_VW_TCLA_R;
TCN02;S4H_TB_TCN02;S4H_VW_TCN02_R;
TCN07;S4H_TB_TCN07;S4H_VW_TCN07_R;
TCN2T;S4H_TB_TCN2T;S4H_VW_TCN2T_R;
TCN41;S4H_TB_TCN41;S4H_VW_TCN41_R;
TCN7T;S4H_TB_TCN7T;S4H_VW_TCN7T_R;
TCURC;S4H_TB_TCURC;S4H_VW_TCURC_R;
TCURF;S4H_TB_TCURF;S4H_VW_TCURF_R;
TCURN;S4H_TB_TCURN;S4H_VW_TCURN_R;
TCURR;S4H_TB_TCURR;S4H_VW_TCURR_R;
TCURT;S4H_TB_TCURT;S4H_VW_TCURT_R;
TCURV;S4H_TB_TCURV;S4H_VW_TCURV_R;
TCURW;S4H_TB_TCURW;S4H_VW_TCURW_R;
TCURX;S4H_TB_TCURX;S4H_VW_TCURX_R;
TDWA;S4H_TB_TDWA;S4H_VW_TDWA_R;
TDWAT;S4H_TB_TDWAT;S4H_VW_TDWAT_R;
TDWS;S4H_TB_TDWS;S4H_VW_TDWS_R;
TDWST;S4H_TB_TDWST;S4H_VW_TDWST_R;
TFACD;S4H_TB_TFACD;S4H_VW_TFACD_R;
TFACS;S4H_TB_TFACS;S4H_VW_TFACS_R;
TFACT;S4H_TB_TFACT;S4H_VW_TFACT_R;
TFKBT;S4H_TB_TFKBT;S4H_VW_TFKBT_R;
TFRMT;S4H_TB_TFRMT;S4H_VW_TFRMT_R;
TGSB;S4H_TB_TGSB;S4H_VW_TGSB_R;
TGSBT;S4H_TB_TGSBT;S4H_VW_TGSBT_R;
THOC;S4H_TB_THOC;S4H_VW_THOC_R;
TIBAN;S4H_TB_TIBAN;S4H_VW_TIBAN_R;
TINC;S4H_TB_TINC;S4H_VW_TINC_R;
TINCT;S4H_TB_TINCT;S4H_VW_TINCT_R;
TJ01;S4H_TB_TJ01;S4H_VW_TJ01_R;
TJ01T;S4H_TB_TJ01T;S4H_VW_TJ01T_R;
TJ02;S4H_TB_TJ02;S4H_VW_TJ02_R;
TJ02T;S4H_TB_TJ02T;S4H_VW_TJ02T_R;
TJ03;S4H_TB_TJ03;S4H_VW_TJ03_R;
TJ03T;S4H_TB_TJ03T;S4H_VW_TJ03T_R;
TJ04;S4H_TB_TJ04;S4H_VW_TJ04_R;
TJ20;S4H_TB_TJ20;S4H_VW_TJ20_R;
TJ20T;S4H_TB_TJ20T;S4H_VW_TJ20T_R;
TJ30;S4H_TB_TJ30;S4H_VW_TJ30_R;
TJ30T;S4H_TB_TJ30T;S4H_VW_TJ30T_R;
TJ48;S4H_TB_TJ48;S4H_VW_TJ48_R;
TJ49;S4H_TB_TJ49;S4H_VW_TJ49_R;
TKA01;S4H_TB_TKA01;S4H_VW_TKA01_R;
TKA02;S4H_TB_TKA02;S4H_VW_TKA02_R;
TKA03;S4H_TB_TKA03;S4H_VW_TKA03_R;
TKB5AL;S4H_TB_TKB5AL;S4H_VW_TKB5AL_R;
TKB5E;S4H_TB_TKB5E;S4H_VW_TKB5E_R;
TKB6;S4H_TB_TKB6;S4H_VW_TKB6_R;
TKB8A;S4H_TB_TKB8A;S4H_VW_TKB8A_R;
TKEB;S4H_TB_TKEB;S4H_VW_TKEB_R;
TKEBL;S4H_TB_TKEBL;S4H_VW_TKEBL_R;
TKEL;S4H_TB_TKEL;S4H_VW_TKEL_R;
TKT03;S4H_TB_TKT03;S4H_VW_TKT03_R;
TKT05;S4H_TB_TKT05;S4H_VW_TKT05_R;
TMABCT;S4H_TB_TMABCT;S4H_VW_TMABCT_R;
TOIGET;S4H_TB_TOIGET;S4H_VW_TOIGET_R;
TPAR;S4H_TB_TPAR;S4H_VW_TPAR_R;
TPART;S4H_TB_TPART;S4H_VW_TPART_R;
TPIK3;S4H_TB_TPIK3;S4H_VW_TPIK3_R;
TPIR2T;S4H_TB_TPIR2T;S4H_VW_TPIR2T_R;
TPRIO;S4H_TB_TPRIO;S4H_VW_TPRIO_R;
TPRIT;S4H_TB_TPRIT;S4H_VW_TPRIT_R;
TPST;S4H_TB_TPST;S4H_VW_TPST_R;
TQ04S;S4H_TB_TQ04S;S4H_VW_TQ04S_R;
TQ07T;S4H_TB_TQ07T;S4H_VW_TQ07T_R;
TQ15;S4H_TB_TQ15;S4H_VW_TQ15_R;
TQ15T;S4H_TB_TQ15T;S4H_VW_TQ15T_R;
TQ17T;S4H_TB_TQ17T;S4H_VW_TQ17T_R;
TQ30T;S4H_TB_TQ30T;S4H_VW_TQ30T_R;
TQ41T;S4H_TB_TQ41T;S4H_VW_TQ41T_R;
TQ43T;S4H_TB_TQ43T;S4H_VW_TQ43T_R;
TQ44T;S4H_TB_TQ44T;S4H_VW_TQ44T_R;
TQ45T;S4H_TB_TQ45T;S4H_VW_TQ45T_R;
TQ73T;S4H_TB_TQ73T;S4H_VW_TQ73T_R;
TQ80;S4H_TB_TQ80;S4H_VW_TQ80_R;
TQ80_T;S4H_TB_TQ80_T;S4H_VW_TQ80_T_R;
TRFCQIN;S4H_TB_TRFCQIN;S4H_VW_TRFCQIN_R;
TRFCQOUT;S4H_TB_TRFCQOUT;S4H_VW_TRFCQOUT_R;
TROLZ;S4H_TB_TROLZ;S4H_VW_TROLZ_R;
TRUG;S4H_TB_TRUG;S4H_VW_TRUG_R;
TRUGT;S4H_TB_TRUGT;S4H_VW_TRUGT_R;
TSABT;S4H_TB_TSABT;S4H_VW_TSABT_R;
TSEGE;S4H_TB_TSEGE;S4H_VW_TSEGE_R;
TSKM;S4H_TB_TSKM;S4H_VW_TSKM_R;
TSKMT;S4H_TB_TSKMT;S4H_VW_TSKMT_R;
TSPAT;S4H_TB_TSPAT;S4H_VW_TSPAT_R;
TSTC;S4H_TB_TSTC;S4H_VW_TSTC_R;
TSTCT;S4H_TB_TSTCT;S4H_VW_TSTCT_R;
TSTL;S4H_TB_TSTL;S4H_VW_TSTL_R;
TTSEGEVTY;S4H_TB_TTSEGEVTY;S4H_VW_TTSEGEVTY_R;
TTXIT;S4H_TB_TTXIT;S4H_VW_TTXIT_R;
TVARVC;S4H_TB_TVARVC;S4H_VW_TVARVC_R;
TVAST;S4H_TB_TVAST;S4H_VW_TVAST_R;
TVAUT;S4H_TB_TVAUT;S4H_VW_TVAUT_R;
TVBST;S4H_TB_TVBST;S4H_VW_TVBST_R;
TVFKT;S4H_TB_TVFKT;S4H_VW_TVFKT_R;
TVFST;S4H_TB_TVFST;S4H_VW_TVFST_R;
TVFT;S4H_TB_TVFT;S4H_VW_TVFT_R;
TVGRT;S4H_TB_TVGRT;S4H_VW_TVGRT_R;
TVKBT;S4H_TB_TVKBT;S4H_VW_TVKBT_R;
TVKBZ;S4H_TB_TVKBZ;S4H_VW_TVKBZ_R;
TVKD;S4H_TB_TVKD;S4H_VW_TVKD_R;
TVKDT;S4H_TB_TVKDT;S4H_VW_TVKDT_R;
TVKN;S4H_TB_TVKN;S4H_VW_TVKN_R;
TVKNT;S4H_TB_TVKNT;S4H_VW_TVKNT_R;
TVKOS;S4H_TB_TVKOS;S4H_VW_TVKOS_R;
TVKOT;S4H_TB_TVKOT;S4H_VW_TVKOT_R;
TVKOV;S4H_TB_TVKOV;S4H_VW_TVKOV_R;
TVKT;S4H_TB_TVKT;S4H_VW_TVKT_R;
TVKTT;S4H_TB_TVKTT;S4H_VW_TVKTT_R;
TVLST;S4H_TB_TVLST;S4H_VW_TVLST_R;
TVLVT;S4H_TB_TVLVT;S4H_VW_TVLVT_R;
TVROT;S4H_TB_TVROT;S4H_VW_TVROT_R;
TVSAKT;S4H_TB_TVSAKT;S4H_VW_TVSAKT_R;
TVSB;S4H_TB_TVSB;S4H_VW_TVSB_R;
TVSBT;S4H_TB_TVSBT;S4H_VW_TVSBT_R;
TVSD;S4H_TB_TVSD;S4H_VW_TVSD_R;
TVSDT;S4H_TB_TVSDT;S4H_VW_TVSDT_R;
TVST;S4H_TB_TVST;S4H_VW_TVST_R;
TVSTT;S4H_TB_TVSTT;S4H_VW_TVSTT_R;
TVTRT;S4H_TB_TVTRT;S4H_VW_TVTRT_R;
TVTW;S4H_TB_TVTW;S4H_VW_TVTW_R;
TVTWT;S4H_TB_TVTWT;S4H_VW_TVTWT_R;
TVV1T;S4H_TB_TVV1T;S4H_VW_TVV1T_R;
TVV2T;S4H_TB_TVV2T;S4H_VW_TVV2T_R;
TVV3T;S4H_TB_TVV3T;S4H_VW_TVV3T_R;
TVV4T;S4H_TB_TVV4T;S4H_VW_TVV4T_R;
TVV5T;S4H_TB_TVV5T;S4H_VW_TVV5T_R;
TVZB;S4H_TB_TVZB;S4H_VW_TVZB_R;
TVZBT;S4H_TB_TVZBT;S4H_VW_TVZBT_R;
TZONE;S4H_TB_TZONE;S4H_VW_TZONE_R;
TZONT;S4H_TB_TZONT;S4H_VW_TZONT_R;
TZUNT;S4H_TB_TZUNT;S4H_VW_TZUNT_R;
USCOMPANY;S4H_TB_USCOMPANY;S4H_VW_USCOMPANY_R;
USH04;S4H_TB_USH04;S4H_VW_USH04_R;
USR06;S4H_TB_USR06;S4H_VW_USR06_R;
USR21;S4H_TB_USR21;S4H_VW_USR21_R;
VAKGU;S4H_TB_VAKGU;S4H_VW_VAKGU_R;
VBFA;S4H_TB_VBFA;S4H_VW_VBFA_R;
VBKPF;S4H_TB_VBKPF;S4H_VW_VBKPF_R;
VBPA;S4H_TB_VBPA;S4H_VW_VBPA_R;
VBSEGK;S4H_TB_VBSEGK;S4H_VW_VBSEGK_R;
VEKP;S4H_TB_VEKP;S4H_VW_VEKP_R;
VEPO;S4H_TB_VEPO;S4H_VW_VEPO_R;
VFKK;S4H_TB_VFKK;S4H_VW_VFKK_R;
VFKP;S4H_TB_VFKP;S4H_VW_VFKP_R;
VSAFFH_CN;S4H_TB_VSAFFH_CN;S4H_VW_VSAFFH_CN_R;
VSAFKO_CN;S4H_TB_VSAFKO_CN;S4H_VW_VSAFKO_CN_R;
VSAFPO_CN;S4H_TB_VSAFPO_CN;S4H_VW_VSAFPO_CN_R;
VSAFVC_CN;S4H_TB_VSAFVC_CN;S4H_VW_VSAFVC_CN_R;
VSAFVU_CN;S4H_TB_VSAFVU_CN;S4H_VW_VSAFVU_CN_R;
VSAFVV_CN;S4H_TB_VSAFVV_CN;S4H_VW_VSAFVV_CN_R;
VSAUFK_CN;S4H_TB_VSAUFK_CN;S4H_VW_VSAUFK_CN_R;
VSEBAN_CN;S4H_TB_VSEBAN_CN;S4H_VW_VSEBAN_CN_R;
VSKBED_CN;S4H_TB_VSKBED_CN;S4H_VW_VSKBED_CN_R;
VSPROJ_CN;S4H_TB_VSPROJ_CN;S4H_VW_VSPROJ_CN_R;
VSPRPS_CN;S4H_TB_VSPRPS_CN;S4H_VW_VSPRPS_CN_R;
VSPRTE_CN;S4H_TB_VSPRTE_CN;S4H_VW_VSPRTE_CN_R;
VSRESB_CN;S4H_TB_VSRESB_CN;S4H_VW_VSRESB_CN_R;
VSRSADD_CN;S4H_TB_VSRSADD_CN;S4H_VW_VSRSADD_CN_R;
VSRSDB_CN;S4H_TB_VSRSDB_CN;S4H_VW_VSRSDB_CN_R;
VTAX_T010;S4H_TB_VTAX_T010;S4H_VW_VTAX_T010_R;
VTAX_T011;S4H_TB_VTAX_T011;S4H_VW_VTAX_T011_R;
VTAX_T012;S4H_TB_VTAX_T012;S4H_VW_VTAX_T012_R;
VTAX_T016_CENTR;S4H_TB_VTAX_T016_CENTR;S4H_VW_VTAX_T016_CENTR_R;
VTAX_T016;S4H_TB_VTAX_T016;S4H_VW_VTAX_T016_R;
VTAX_T016_MUNIC;S4H_TB_VTAX_T016_MUNIC;S4H_VW_VTAX_T016_MUNIC_R;
VTAX_T018;S4H_TB_VTAX_T018;S4H_VW_VTAX_T018_R;
VTAX_T020;S4H_TB_VTAX_T020;S4H_VW_VTAX_T020_R;
VTAX_T021;S4H_TB_VTAX_T021;S4H_VW_VTAX_T021_R;
VTAX_T022;S4H_TB_VTAX_T022;S4H_VW_VTAX_T022_R;
VTAX_T030;S4H_TB_VTAX_T030;S4H_VW_VTAX_T030_R;
VTAX_T031_DET;S4H_TB_VTAX_T031_DET;S4H_VW_VTAX_T031_DET_R;
VTAX_T031_VALUE;S4H_TB_VTAX_T031_VALUE;S4H_VW_VTAX_T031_VALUE_R;
VTAX_T034;S4H_TB_VTAX_T034;S4H_VW_VTAX_T034_R;
VTAX_T035;S4H_TB_VTAX_T035;S4H_VW_VTAX_T035_R;
VTAX_T039;S4H_TB_VTAX_T039;S4H_VW_VTAX_T039_R;
VTAX_T040;S4H_TB_VTAX_T040;S4H_VW_VTAX_T040_R;
VTAX_T041;S4H_TB_VTAX_T041;S4H_VW_VTAX_T041_R;
VTAX_T049;S4H_TB_VTAX_T049;S4H_VW_VTAX_T049_R;
VTAX_T049_DETAL;S4H_TB_VTAX_T049_DETAL;S4H_VW_VTAX_T049_DETAL_R;
VTAX_T049_UF;S4H_TB_VTAX_T049_UF;S4H_VW_VTAX_T049_UF_R;
VTAX_T055;S4H_TB_VTAX_T055;S4H_VW_VTAX_T055_R;
VTAX_T064;S4H_TB_VTAX_T064;S4H_VW_VTAX_T064_R;
VTAX_T066;S4H_TB_VTAX_T066;S4H_VW_VTAX_T066_R;
VTAX_T070;S4H_TB_VTAX_T070;S4H_VW_VTAX_T070_R;
VTAX_T074_T412;S4H_TB_VTAX_T074_T412;S4H_VW_VTAX_T074_T412_R;
VTAX_T160;S4H_TB_VTAX_T160;S4H_VW_VTAX_T160_R;
VTAX_T179;S4H_TB_VTAX_T179;S4H_VW_VTAX_T179_R;
VTAX_T187;S4H_TB_VTAX_T187;S4H_VW_VTAX_T187_R;
VTAX_T226;S4H_TB_VTAX_T226;S4H_VW_VTAX_T226_R;
VTAX_T251;S4H_TB_VTAX_T251;S4H_VW_VTAX_T251_R;
VTAX_T268;S4H_TB_VTAX_T268;S4H_VW_VTAX_T268_R;
VTAX_T270;S4H_TB_VTAX_T270;S4H_VW_VTAX_T270_R;
VTAX_T371;S4H_TB_VTAX_T371;S4H_VW_VTAX_T371_R;
VTAX_T373;S4H_TB_VTAX_T373;S4H_VW_VTAX_T373_R;
VTAX_T374;S4H_TB_VTAX_T374;S4H_VW_VTAX_T374_R;
VTFA;S4H_TB_VTFA;S4H_VW_VTFA_R;
VTTK;S4H_TB_VTTK;S4H_VW_VTTK_R;
VTTP;S4H_TB_VTTP;S4H_VW_VTTP_R;
VTTS;S4H_TB_VTTS;S4H_VW_VTTS_R;
WITH_ITEM;S4H_TB_WITH_ITEM;S4H_VW_WITH_ITEM_R;
ZBPTPMSLA;S4H_TB_ZBPTPMSLA;S4H_VW_ZBPTPMSLA_R;
ZBRTMM_TXUSD_LOG;S4H_TB_ZBRTMM_TXUSD_LOG;S4H_VW_ZBRTMM_TXUSD_LOG_R;
ZBRTPP_AUXWERKS;S4H_TB_ZBRTPP_AUXWERKS;S4H_VW_ZBRTPP_AUXWERKS_R;
ZBRTPP_CLASS_RAL;S4H_TB_ZBRTPP_CLASS_RAL;S4H_VW_ZBRTPP_CLASS_RAL_R;
ZBRTPP_DIR_MINER;S4H_TB_ZBRTPP_DIR_MINER;S4H_VW_ZBRTPP_DIR_MINER_R;
ZBRTPP_DM_COMPL;S4H_TB_ZBRTPP_DM_COMPL;S4H_VW_ZBRTPP_DM_COMPL_R;
ZBRTPP_INSUMO;S4H_TB_ZBRTPP_INSUMO;S4H_VW_ZBRTPP_INSUMO_R;
ZBRTPP_MAT_RAL;S4H_TB_ZBRTPP_MAT_RAL;S4H_VW_ZBRTPP_MAT_RAL_R;
ZBRTPP_MES_MAT;S4H_TB_ZBRTPP_MES_MAT;S4H_VW_ZBRTPP_MES_MAT_R;
ZBRTPP_MES_TPMOV;S4H_TB_ZBRTPP_MES_TPMOV;S4H_VW_ZBRTPP_MES_TPMOV_R;
ZBRTPP_MES_TPPLA;S4H_TB_ZBRTPP_MES_TPPLA;S4H_VW_ZBRTPP_MES_TPPLA_R;
ZBRTPP_MESURES;S4H_TB_ZBRTPP_MESURES;S4H_VW_ZBRTPP_MESURES_R;
ZBRTPP_MINE;S4H_TB_ZBRTPP_MINE;S4H_VW_ZBRTPP_MINE_R;
ZBRTPP_PLANT_RAL;S4H_TB_ZBRTPP_PLANT_RAL;S4H_VW_ZBRTPP_PLANT_RAL_R;
ZBRTPP_RAL_EXCEP;S4H_TB_ZBRTPP_RAL_EXCEP;S4H_VW_ZBRTPP_RAL_EXCEP_R;
ZBRTPP_RAL_PROFC;S4H_TB_ZBRTPP_RAL_PROFC;S4H_VW_ZBRTPP_RAL_PROFC_R;
ZBRTPP_RAL_SAP_M;S4H_TB_ZBRTPP_RAL_SAP_M;S4H_VW_ZBRTPP_RAL_SAP_M_R;
ZBRTPP_RAL_SAP_P;S4H_TB_ZBRTPP_RAL_SAP_P;S4H_VW_ZBRTPP_RAL_SAP_P_R;
ZBRTPP_SYSTEM;S4H_TB_ZBRTPP_SYSTEM;S4H_VW_ZBRTPP_SYSTEM_R;
ZBRTSD_BBGCOT;S4H_TB_ZBRTSD_BBGCOT;S4H_VW_ZBRTSD_BBGCOT_R;
ZBRTSD_CNSLD_NFE;S4H_TB_ZBRTSD_CNSLD_NFE;S4H_VW_ZBRTSD_CNSLD_NFE_R;
ZBRTSDPROVHIST;S4H_TB_ZBRTSDPROVHIST;S4H_VW_ZBRTSDPROVHIST_R;
ZBRTSDPROVISIONH;S4H_TB_ZBRTSDPROVISIONH;S4H_VW_ZBRTSDPROVISIONH_R;
ZBW_CSM_SALESMAP;S4H_TB_ZBW_CSM_SALESMAP;S4H_VW_ZBW_CSM_SALESMAP_R;
ZCCTMM_WMINV;S4H_TB_ZCCTMM_WMINV;S4H_VW_ZCCTMM_WMINV_R;
ZCMTBC_UPLOAD01;S4H_TB_ZCMTBC_UPLOAD01;S4H_VW_ZCMTBC_UPLOAD01_R;
ZCMTBC_UPLOAD04;S4H_TB_ZCMTBC_UPLOAD04;S4H_VW_ZCMTBC_UPLOAD04_R;
ZCMTBC273_WF_STM;S4H_TB_ZCMTBC273_WF_STM;S4H_VW_ZCMTBC273_WF_STM_R;
ZCMTBW_GRC_GRP_I;S4H_TB_ZCMTBW_GRC_GRP_I;S4H_VW_ZCMTBW_GRC_GRP_I_R;
ZCMTBW_PUR_GRP_H;S4H_TB_ZCMTBW_PUR_GRP_H;S4H_VW_ZCMTBW_PUR_GRP_H_R;
ZCMTBW_PUR_GRP_I;S4H_TB_ZCMTBW_PUR_GRP_I;S4H_VW_ZCMTBW_PUR_GRP_I_R;
ZCMTBW_ZMPR_PRIC;S4H_TB_ZCMTBW_ZMPR_PRIC;S4H_VW_ZCMTBW_ZMPR_PRIC_R;
ZCMTGRC_CTE;S4H_TB_ZCMTGRC_CTE;S4H_VW_ZCMTGRC_CTE_R;
ZCMTGRC_CTNFEHD2;S4H_TB_ZCMTGRC_CTNFEHD2;S4H_VW_ZCMTGRC_CTNFEHD2_R;
ZCMTGRC_NFIT;S4H_TB_ZCMTGRC_NFIT;S4H_VW_ZCMTGRC_NFIT_R;
ZCMTMM_PDOCS_HIS;S4H_TB_ZCMTMM_PDOCS_HIS;S4H_VW_ZCMTMM_PDOCS_HIS_R;
ZCMTMM_PDOCS_LOG;S4H_TB_ZCMTMM_PDOCS_LOG;S4H_VW_ZCMTMM_PDOCS_LOG_R;
ZCMTMM_PDOCS_SES;S4H_TB_ZCMTMM_PDOCS_SES;S4H_VW_ZCMTMM_PDOCS_SES_R;
ZCMTMM_SUPLOG;S4H_TB_ZCMTMM_SUPLOG;S4H_VW_ZCMTMM_SUPLOG_R;
ZCMTPS_CORREDORT;S4H_TB_ZCMTPS_CORREDORT;S4H_VW_ZCMTPS_CORREDORT_R;
ZCMTPS_DP_CORREQ;S4H_TB_ZCMTPS_DP_CORREQ;S4H_VW_ZCMTPS_DP_CORREQ_R;
ZCMTPS_DP_PRDSIS;S4H_TB_ZCMTPS_DP_PRDSIS;S4H_VW_ZCMTPS_DP_PRDSIS_R;
ZCMTPS_RATEIO;S4H_TB_ZCMTPS_RATEIO;S4H_VW_ZCMTPS_RATEIO_R;
ZCMTPS_SISTEMAT;S4H_TB_ZCMTPS_SISTEMAT;S4H_VW_ZCMTPS_SISTEMAT_R;
ZCMTQM_CN001;S4H_TB_ZCMTQM_CN001;S4H_VW_ZCMTQM_CN001_R;
ZCMTQM_CN002;S4H_TB_ZCMTQM_CN002;S4H_VW_ZCMTQM_CN002_R;
ZCMTSD_BILL_LOG;S4H_TB_ZCMTSD_BILL_LOG;S4H_VW_ZCMTSD_BILL_LOG_R;
ZCMTSD_CONTROLNF;S4H_TB_ZCMTSD_CONTROLNF;S4H_VW_ZCMTSD_CONTROLNF_R;
ZCMTSD_DO_STATUS;S4H_TB_ZCMTSD_DO_STATUS;S4H_VW_ZCMTSD_DO_STATUS_R;
ZCMTSD_DUE_QTD;S4H_TB_ZCMTSD_DUE_QTD;S4H_VW_ZCMTSD_DUE_QTD_R;
ZCMTSD_INTERF_HD;S4H_TB_ZCMTSD_INTERF_HD;S4H_VW_ZCMTSD_INTERF_HD_R;
ZCMTSD_INTERF_IT;S4H_TB_ZCMTSD_INTERF_IT;S4H_VW_ZCMTSD_INTERF_IT_R;
ZCMTSD_INVLIST;S4H_TB_ZCMTSD_INVLIST;S4H_VW_ZCMTSD_INVLIST_R;
ZCMTSD_JKT_LOG;S4H_TB_ZCMTSD_JKT_LOG;S4H_VW_ZCMTSD_JKT_LOG_R;
ZCMTSD_JKT_SHIP;S4H_TB_ZCMTSD_JKT_SHIP;S4H_VW_ZCMTSD_JKT_SHIP_R;
ZCMTSD_NFAJT_HD;S4H_TB_ZCMTSD_NFAJT_HD;S4H_VW_ZCMTSD_NFAJT_HD_R;
ZCMTSD_NFAJT_MON;S4H_TB_ZCMTSD_NFAJT_MON;S4H_VW_ZCMTSD_NFAJT_MON_R;
ZCMTSD_OV_INPUT;S4H_TB_ZCMTSD_OV_INPUT;S4H_VW_ZCMTSD_OV_INPUT_R;
ZCMTSD_RET_STAT;S4H_TB_ZCMTSD_RET_STAT;S4H_VW_ZCMTSD_RET_STAT_R;
ZCMTSD_STO_LOG;S4H_TB_ZCMTSD_STO_LOG;S4H_VW_ZCMTSD_STO_LOG_R;
ZCMTSD_TRANS_DOC;S4H_TB_ZCMTSD_TRANS_DOC;S4H_VW_ZCMTSD_TRANS_DOC_R;
ZCMTSD_TRANS_LOG;S4H_TB_ZCMTSD_TRANS_LOG;S4H_VW_ZCMTSD_TRANS_LOG_R;
ZCMTSD_WFAPPLOG;S4H_TB_ZCMTSD_WFAPPLOG;S4H_VW_ZCMTSD_WFAPPLOG_R;
ZCTTMM_PARTNER;S4H_TB_ZCTTMM_PARTNER;S4H_VW_ZCTTMM_PARTNER_R;
ZCXTFI_CONGER_VU;S4H_TB_ZCXTFI_CONGER_VU;S4H_VW_ZCXTFI_CONGER_VU_R;
ZCXTFI_ESPECIE;S4H_TB_ZCXTFI_ESPECIE;S4H_VW_ZCXTFI_ESPECIE_R;
ZCXTFI_EX_VUT_PL;S4H_TB_ZCXTFI_EX_VUT_PL;S4H_VW_ZCXTFI_EX_VUT_PL_R;
ZCXTFI_JUST_PLOG;S4H_TB_ZCXTFI_JUST_PLOG;S4H_VW_ZCXTFI_JUST_PLOG_R;
ZCXTFI_JUSTF_PEP;S4H_TB_ZCXTFI_JUSTF_PEP;S4H_VW_ZCXTFI_JUSTF_PEP_R;
ZCXTFI_MATX_CONT;S4H_TB_ZCXTFI_MATX_CONT;S4H_VW_ZCXTFI_MATX_CONT_R;
ZCXTFI_NCM_M_ESP;S4H_TB_ZCXTFI_NCM_M_ESP;S4H_VW_ZCXTFI_NCM_M_ESP_R;
ZCXTFI_PEP_CAPTZ;S4H_TB_ZCXTFI_PEP_CAPTZ;S4H_VW_ZCXTFI_PEP_CAPTZ_R;
ZCXTFI_PEP_ITEM;S4H_TB_ZCXTFI_PEP_ITEM;S4H_VW_ZCXTFI_PEP_ITEM_R;
ZCXTFI_PRE_ASSET;S4H_TB_ZCXTFI_PRE_ASSET;S4H_VW_ZCXTFI_PRE_ASSET_R;
ZCXTFI_RECOMEND;S4H_TB_ZCXTFI_RECOMEND;S4H_VW_ZCXTFI_RECOMEND_R;
ZCXTFI_VISIBILID;S4H_TB_ZCXTFI_VISIBILID;S4H_VW_ZCXTFI_VISIBILID_R;
ZEHHSS_D_ACOES_I;S4H_TB_ZEHHSS_D_ACOES_I;S4H_VW_ZEHHSS_D_ACOES_I_R;
ZEHHSS_D_CRTCLAC;S4H_TB_ZEHHSS_D_CRTCLAC;S4H_VW_ZEHHSS_D_CRTCLAC_R;
ZEHHSS_D_ENVCOND;S4H_TB_ZEHHSS_D_ENVCOND;S4H_VW_ZEHHSS_D_ENVCOND_R;
ZEHHSS_D_INC_SYS;S4H_TB_ZEHHSS_D_INC_SYS;S4H_VW_ZEHHSS_D_INC_SYS_R;
ZEHHSS_D_SEQ_FAT;S4H_TB_ZEHHSS_D_SEQ_FAT;S4H_VW_ZEHHSS_D_SEQ_FAT_R;
ZEHHSS_D_SUB_CAT;S4H_TB_ZEHHSS_D_SUB_CAT;S4H_VW_ZEHHSS_D_SUB_CAT_R;
ZEHHSS_D_WFNOTAP;S4H_TB_ZEHHSS_D_WFNOTAP;S4H_VW_ZEHHSS_D_WFNOTAP_R;
ZEHSEH_D_ABR_NC;S4H_TB_ZEHSEH_D_ABR_NC;S4H_VW_ZEHSEH_D_ABR_NC_R;
ZEHSEH_D_EVENT;S4H_TB_ZEHSEH_D_EVENT;S4H_VW_ZEHSEH_D_EVENT_R;
ZEHSEH_D_RAC_REQ;S4H_TB_ZEHSEH_D_RAC_REQ;S4H_VW_ZEHSEH_D_RAC_REQ_R;
ZEHSEH_D_RISKSIT;S4H_TB_ZEHSEH_D_RISKSIT;S4H_VW_ZEHSEH_D_RISKSIT_R;
ZEHSEH_D_THEMENC;S4H_TB_ZEHSEH_D_THEMENC;S4H_VW_ZEHSEH_D_THEMENC_R;
ZEHSEH_HIE_ORG;S4H_TB_ZEHSEH_HIE_ORG;S4H_VW_ZEHSEH_HIE_ORG_R;
ZEHSEH_S_CHECK;S4H_TB_ZEHSEH_S_CHECK;S4H_VW_ZEHSEH_S_CHECK_R;
ZEHSEH_S_CONFACR;S4H_TB_ZEHSEH_S_CONFACR;S4H_VW_ZEHSEH_S_CONFACR_R;
ZEHSEH_S_QUESTIO;S4H_TB_ZEHSEH_S_QUESTIO;S4H_VW_ZEHSEH_S_QUESTIO_R;
ZEHSS_CF_ACTIVE;S4H_TB_ZEHSS_CF_ACTIVE;S4H_VW_ZEHSS_CF_ACTIVE_R;
ZEHSSD_D_QUESTIO;S4H_TB_ZEHSSD_D_QUESTIO;S4H_VW_ZEHSSD_D_QUESTIO_R;
ZEHTEH_ACT_REF_T;S4H_TB_ZEHTEH_ACT_REF_T;S4H_VW_ZEHTEH_ACT_REF_T_R;
ZEHTEH_ACTVTCL_T;S4H_TB_ZEHTEH_ACTVTCL_T;S4H_VW_ZEHTEH_ACTVTCL_T_R;
ZEHTEH_ANX8;S4H_TB_ZEHTEH_ANX8;S4H_VW_ZEHTEH_ANX8_R;
ZEHTEH_APPL_QS_T;S4H_TB_ZEHTEH_APPL_QS_T;S4H_VW_ZEHTEH_APPL_QS_T_R;
ZEHTEH_APPL_QSNS;S4H_TB_ZEHTEH_APPL_QSNS;S4H_VW_ZEHTEH_APPL_QSNS_R;
ZEHTEH_AVAL_T;S4H_TB_ZEHTEH_AVAL_T;S4H_VW_ZEHTEH_AVAL_T_R;
ZEHTEH_BUKRS;S4H_TB_ZEHTEH_BUKRS;S4H_VW_ZEHTEH_BUKRS_R;
ZEHTEH_BUSPART;S4H_TB_ZEHTEH_BUSPART;S4H_VW_ZEHTEH_BUSPART_R;
ZEHTEH_CRTCLAC_T;S4H_TB_ZEHTEH_CRTCLAC_T;S4H_VW_ZEHTEH_CRTCLAC_T_R;
ZEHTEH_D_NONCONF;S4H_TB_ZEHTEH_D_NONCONF;S4H_VW_ZEHTEH_D_NONCONF_R;
ZEHTEH_ENVCOND_T;S4H_TB_ZEHTEH_ENVCOND_T;S4H_VW_ZEHTEH_ENVCOND_T_R;
ZEHTEH_FIP;S4H_TB_ZEHTEH_FIP;S4H_VW_ZEHTEH_FIP_R;
ZEHTEH_GRAV_NC_T;S4H_TB_ZEHTEH_GRAV_NC_T;S4H_VW_ZEHTEH_GRAV_NC_T_R;
ZEHTEH_HIE_LOC;S4H_TB_ZEHTEH_HIE_LOC;S4H_VW_ZEHTEH_HIE_LOC_R;
ZEHTEH_HIE_ORG;S4H_TB_ZEHTEH_HIE_ORG;S4H_VW_ZEHTEH_HIE_ORG_R;
ZEHTEH_HIERARC_T;S4H_TB_ZEHTEH_HIERARC_T;S4H_VW_ZEHTEH_HIERARC_T_R;
ZEHTEH_INABTYP_T;S4H_TB_ZEHTEH_INABTYP_T;S4H_VW_ZEHTEH_INABTYP_T_R;
ZEHTEH_INJDIST_T;S4H_TB_ZEHTEH_INJDIST_T;S4H_VW_ZEHTEH_INJDIST_T_R;
ZEHTEH_INJDISTYP;S4H_TB_ZEHTEH_INJDISTYP;S4H_VW_ZEHTEH_INJDISTYP_R;
ZEHTEH_INSPEC;S4H_TB_ZEHTEH_INSPEC;S4H_VW_ZEHTEH_INSPEC_R;
ZEHTEH_INSPFOR_T;S4H_TB_ZEHTEH_INSPFOR_T;S4H_VW_ZEHTEH_INSPFOR_T_R;
ZEHTEH_INSPFORMS;S4H_TB_ZEHTEH_INSPFORMS;S4H_VW_ZEHTEH_INSPFORMS_R;
ZEHTEH_INSPTYP_T;S4H_TB_ZEHTEH_INSPTYP_T;S4H_VW_ZEHTEH_INSPTYP_T_R;
ZEHTEH_ITENSRA_T;S4H_TB_ZEHTEH_ITENSRA_T;S4H_VW_ZEHTEH_ITENSRA_T_R;
ZEHTEH_ITENSRAC;S4H_TB_ZEHTEH_ITENSRAC;S4H_VW_ZEHTEH_ITENSRAC_R;
ZEHTEH_LESAO_T;S4H_TB_ZEHTEH_LESAO_T;S4H_VW_ZEHTEH_LESAO_T_R;
ZEHTEH_MGMSYSR_T;S4H_TB_ZEHTEH_MGMSYSR_T;S4H_VW_ZEHTEH_MGMSYSR_T_R;
ZEHTEH_NATEVE_T;S4H_TB_ZEHTEH_NATEVE_T;S4H_VW_ZEHTEH_NATEVE_T_R;
ZEHTEH_OCCURCL_T;S4H_TB_ZEHTEH_OCCURCL_T;S4H_VW_ZEHTEH_OCCURCL_T_R;
ZEHTEH_OPEROCC_T;S4H_TB_ZEHTEH_OPEROCC_T;S4H_VW_ZEHTEH_OPEROCC_T_R;
ZEHTEH_ORGDELTA;S4H_TB_ZEHTEH_ORGDELTA;S4H_VW_ZEHTEH_ORGDELTA_R;
ZEHTEH_ORGIDPROF;S4H_TB_ZEHTEH_ORGIDPROF;S4H_VW_ZEHTEH_ORGIDPROF_R;
ZEHTEH_ORIG_NC_T;S4H_TB_ZEHTEH_ORIG_NC_T;S4H_VW_ZEHTEH_ORIG_NC_T_R;
ZEHTEH_OU_LSTCHG;S4H_TB_ZEHTEH_OU_LSTCHG;S4H_VW_ZEHTEH_OU_LSTCHG_R;
ZEHTEH_PARAM;S4H_TB_ZEHTEH_PARAM;S4H_VW_ZEHTEH_PARAM_R;
ZEHTEH_PERGFIP_T;S4H_TB_ZEHTEH_PERGFIP_T;S4H_VW_ZEHTEH_PERGFIP_T_R;
ZEHTEH_PERGSRS_T;S4H_TB_ZEHTEH_PERGSRS_T;S4H_VW_ZEHTEH_PERGSRS_T_R;
ZEHTEH_PROCREL_T;S4H_TB_ZEHTEH_PROCREL_T;S4H_VW_ZEHTEH_PROCREL_T_R;
ZEHTEH_PRSLOSC_T;S4H_TB_ZEHTEH_PRSLOSC_T;S4H_VW_ZEHTEH_PRSLOSC_T_R;
ZEHTEH_QUESTION;S4H_TB_ZEHTEH_QUESTION;S4H_VW_ZEHTEH_QUESTION_R;
ZEHTEH_RAC;S4H_TB_ZEHTEH_RAC;S4H_VW_ZEHTEH_RAC_R;
ZEHTEH_RAC_H;S4H_TB_ZEHTEH_RAC_H;S4H_VW_ZEHTEH_RAC_H_R;
ZEHTEH_REQSIST_T;S4H_TB_ZEHTEH_REQSIST_T;S4H_VW_ZEHTEH_REQSIST_T_R;
ZEHTEH_RIS;S4H_TB_ZEHTEH_RIS;S4H_VW_ZEHTEH_RIS_R;
ZEHTEH_RIS_T;S4H_TB_ZEHTEH_RIS_T;S4H_VW_ZEHTEH_RIS_T_R;
ZEHTEH_SGSS;S4H_TB_ZEHTEH_SGSS;S4H_VW_ZEHTEH_SGSS_R;
ZEHTEH_SGSS_H;S4H_TB_ZEHTEH_SGSS_H;S4H_VW_ZEHTEH_SGSS_H_R;
ZEHTEH_SUBCAT_T;S4H_TB_ZEHTEH_SUBCAT_T;S4H_VW_ZEHTEH_SUBCAT_T_R;
ZEHTEH_SUBCLRA_T;S4H_TB_ZEHTEH_SUBCLRA_T;S4H_VW_ZEHTEH_SUBCLRA_T_R;
ZEHTEH_SUBCLRAC;S4H_TB_ZEHTEH_SUBCLRAC;S4H_VW_ZEHTEH_SUBCLRAC_R;
ZEHTEH_SUBREQ_T;S4H_TB_ZEHTEH_SUBREQ_T;S4H_VW_ZEHTEH_SUBREQ_T_R;
ZEHTEH_TIPO_NC_T;S4H_TB_ZEHTEH_TIPO_NC_T;S4H_VW_ZEHTEH_TIPO_NC_T_R;
ZEHTEH_TIPOSERV;S4H_TB_ZEHTEH_TIPOSERV;S4H_VW_ZEHTEH_TIPOSERV_R;
ZEHTEH_TIPSERV_T;S4H_TB_ZEHTEH_TIPSERV_T;S4H_VW_ZEHTEH_TIPSERV_T_R;
ZEHTEH_TPDIAL_T;S4H_TB_ZEHTEH_TPDIAL_T;S4H_VW_ZEHTEH_TPDIAL_T_R;
ZEHTEH_WFTP_LOG;S4H_TB_ZEHTEH_WFTP_LOG;S4H_VW_ZEHTEH_WFTP_LOG_R;
ZEHTHR_PLAN_ACT;S4H_TB_ZEHTHR_PLAN_ACT;S4H_VW_ZEHTHR_PLAN_ACT_R;
ZEHTHR_PLAN_VERI;S4H_TB_ZEHTHR_PLAN_VERI;S4H_VW_ZEHTHR_PLAN_VERI_R;
ZEPTSD_OICQP;S4H_TB_ZEPTSD_OICQP;S4H_VW_ZEPTSD_OICQP_R;
ZEPTSD_QUOTLOG;S4H_TB_ZEPTSD_QUOTLOG;S4H_VW_ZEPTSD_QUOTLOG_R;
ZEPTSD_WFSOAPLOG;S4H_TB_ZEPTSD_WFSOAPLOG;S4H_VW_ZEPTSD_WFSOAPLOG_R;
ZEPTSDAPROV;S4H_TB_ZEPTSDAPROV;S4H_VW_ZEPTSDAPROV_R;
ZIRTGLREVACCR;S4H_TB_ZIRTGLREVACCR;S4H_VW_ZIRTGLREVACCR_R;
ZIRTSD_MATFAMOPR;S4H_TB_ZIRTSD_MATFAMOPR;S4H_VW_ZIRTSD_MATFAMOPR_R;
ZMKTMM_ZOOM_PLAN;S4H_TB_ZMKTMM_ZOOM_PLAN;S4H_VW_ZMKTMM_ZOOM_PLAN_R;
ZMKVMM_SARBOXC_T;S4H_TB_ZMKVMM_SARBOXC_T;S4H_VW_ZMKVMM_SARBOXC_T_R;
ZMLTMM_HFM_AJUST;S4H_TB_ZMLTMM_HFM_AJUST;S4H_VW_ZMLTMM_HFM_AJUST_R;
ZMLTMM_HFM_INTER;S4H_TB_ZMLTMM_HFM_INTER;S4H_VW_ZMLTMM_HFM_INTER_R;
ZMLTMM_HFM_NORMA;S4H_TB_ZMLTMM_HFM_NORMA;S4H_VW_ZMLTMM_HFM_NORMA_R;
ZMLTMM_PROC_HFM;S4H_TB_ZMLTMM_PROC_HFM;S4H_VW_ZMLTMM_PROC_HFM_R;
ZMNTMM_DEL_RESER;S4H_TB_ZMNTMM_DEL_RESER;S4H_VW_ZMNTMM_DEL_RESER_R;
ZMNTMM_MRP;S4H_TB_ZMNTMM_MRP;S4H_VW_ZMNTMM_MRP_R;
ZMNTMM_REJECTION;S4H_TB_ZMNTMM_REJECTION;S4H_VW_ZMNTMM_REJECTION_R;
ZNITPMFAILINDIC;S4H_TB_ZNITPMFAILINDIC;S4H_VW_ZNITPMFAILINDIC_R;
ZNITPPBAGINFO;S4H_TB_ZNITPPBAGINFO;S4H_VW_ZNITPPBAGINFO_R;
ZOVTBC_DUMP_DATA;S4H_TB_ZOVTBC_DUMP_DATA;S4H_VW_ZOVTBC_DUMP_DATA_R;
ZOVTEHS_010;S4H_TB_ZOVTEHS_010;S4H_VW_ZOVTEHS_010_R;
ZOVTEHS_011;S4H_TB_ZOVTEHS_011;S4H_VW_ZOVTEHS_011_R;
ZOVTEHS_012;S4H_TB_ZOVTEHS_012;S4H_VW_ZOVTEHS_012_R;
ZOVTFI_CAPEX_001;S4H_TB_ZOVTFI_CAPEX_001;S4H_VW_ZOVTFI_CAPEX_001_R;
ZOVTFI_CAPEX_002;S4H_TB_ZOVTFI_CAPEX_002;S4H_VW_ZOVTFI_CAPEX_002_R;
ZOVTFI_CAPEX_003;S4H_TB_ZOVTFI_CAPEX_003;S4H_VW_ZOVTFI_CAPEX_003_R;
ZOVTFI_CAPEX_004;S4H_TB_ZOVTFI_CAPEX_004;S4H_VW_ZOVTFI_CAPEX_004_R;
ZOVTFI_CAPEX_005;S4H_TB_ZOVTFI_CAPEX_005;S4H_VW_ZOVTFI_CAPEX_005_R;
ZOVTFI_CAPEX_010;S4H_TB_ZOVTFI_CAPEX_010;S4H_VW_ZOVTFI_CAPEX_010_R;
ZOVTFI_CAPEX_011;S4H_TB_ZOVTFI_CAPEX_011;S4H_VW_ZOVTFI_CAPEX_011_R;
ZOVTFI_CAPEX_014;S4H_TB_ZOVTFI_CAPEX_014;S4H_VW_ZOVTFI_CAPEX_014_R;
ZOVTFI_CAPEX_018;S4H_TB_ZOVTFI_CAPEX_018;S4H_VW_ZOVTFI_CAPEX_018_R;
ZOVTFI_CAPEX_019;S4H_TB_ZOVTFI_CAPEX_019;S4H_VW_ZOVTFI_CAPEX_019_R;
ZOVTFI_CFEM_AJSN;S4H_TB_ZOVTFI_CFEM_AJSN;S4H_VW_ZOVTFI_CFEM_AJSN_R;
ZOVTFI_CFEM_AJUS;S4H_TB_ZOVTFI_CFEM_AJUS;S4H_VW_ZOVTFI_CFEM_AJUS_R;
ZOVTFI_CFEM_BPLA;S4H_TB_ZOVTFI_CFEM_BPLA;S4H_VW_ZOVTFI_CFEM_BPLA_R;
ZOVTFI_CFEM_CFOP;S4H_TB_ZOVTFI_CFEM_CFOP;S4H_VW_ZOVTFI_CFEM_CFOP_R;
ZOVTFI_CFEM_CONT;S4H_TB_ZOVTFI_CFEM_CONT;S4H_VW_ZOVTFI_CFEM_CONT_R;
ZOVTFI_CFEM_DATE;S4H_TB_ZOVTFI_CFEM_DATE;S4H_VW_ZOVTFI_CFEM_DATE_R;
ZOVTFI_CFEM_DIFE;S4H_TB_ZOVTFI_CFEM_DIFE;S4H_VW_ZOVTFI_CFEM_DIFE_R;
ZOVTFI_CFEM_FIN;S4H_TB_ZOVTFI_CFEM_FIN;S4H_VW_ZOVTFI_CFEM_FIN_R;
ZOVTFI_CFEM_FINN;S4H_TB_ZOVTFI_CFEM_FINN;S4H_VW_ZOVTFI_CFEM_FINN_R;
ZOVTFI_CFEM_LOG;S4H_TB_ZOVTFI_CFEM_LOG;S4H_VW_ZOVTFI_CFEM_LOG_R;
ZOVTFI_CFEM_MAT;S4H_TB_ZOVTFI_CFEM_MAT;S4H_VW_ZOVTFI_CFEM_MAT_R;
ZOVTFI_CFEM_MDAT;S4H_TB_ZOVTFI_CFEM_MDAT;S4H_VW_ZOVTFI_CFEM_MDAT_R;
ZOVTFI_CFEM_PERF;S4H_TB_ZOVTFI_CFEM_PERF;S4H_VW_ZOVTFI_CFEM_PERF_R;
ZOVTFI_CFEM_ROM;S4H_TB_ZOVTFI_CFEM_ROM;S4H_VW_ZOVTFI_CFEM_ROM_R;
ZOVTFI_CFEM_S1;S4H_TB_ZOVTFI_CFEM_S1;S4H_VW_ZOVTFI_CFEM_S1_R;
ZOVTFI_CFEM_S1N;S4H_TB_ZOVTFI_CFEM_S1N;S4H_VW_ZOVTFI_CFEM_S1N_R;
ZOVTFI_CFEM_S2;S4H_TB_ZOVTFI_CFEM_S2;S4H_VW_ZOVTFI_CFEM_S2_R;
ZOVTFI_CFEM_S2N;S4H_TB_ZOVTFI_CFEM_S2N;S4H_VW_ZOVTFI_CFEM_S2N_R;
ZOVTFI_CFEM_S3;S4H_TB_ZOVTFI_CFEM_S3;S4H_VW_ZOVTFI_CFEM_S3_R;
ZOVTFI_CFEM_S3N;S4H_TB_ZOVTFI_CFEM_S3N;S4H_VW_ZOVTFI_CFEM_S3N_R;
ZOVTFI_CFEM_S4;S4H_TB_ZOVTFI_CFEM_S4;S4H_VW_ZOVTFI_CFEM_S4_R;
ZOVTFI_CFEM_S4N;S4H_TB_ZOVTFI_CFEM_S4N;S4H_VW_ZOVTFI_CFEM_S4N_R;
ZOVTFI_CFEM_S5;S4H_TB_ZOVTFI_CFEM_S5;S4H_VW_ZOVTFI_CFEM_S5_R;
ZOVTFI_CFEM_S6;S4H_TB_ZOVTFI_CFEM_S6;S4H_VW_ZOVTFI_CFEM_S6_R;
ZOVTFI_CFEM_S7;S4H_TB_ZOVTFI_CFEM_S7;S4H_VW_ZOVTFI_CFEM_S7_R;
ZOVTFI_CFEM_S7N;S4H_TB_ZOVTFI_CFEM_S7N;S4H_VW_ZOVTFI_CFEM_S7N_R;
ZOVTFI_CFEM_S8;S4H_TB_ZOVTFI_CFEM_S8;S4H_VW_ZOVTFI_CFEM_S8_R;
ZOVTFI_CFEM_S9;S4H_TB_ZOVTFI_CFEM_S9;S4H_VW_ZOVTFI_CFEM_S9_R;
ZOVTFI_CFEM_SPT;S4H_TB_ZOVTFI_CFEM_SPT;S4H_VW_ZOVTFI_CFEM_SPT_R;
ZOVTFI_CFEM_TAX;S4H_TB_ZOVTFI_CFEM_TAX;S4H_VW_ZOVTFI_CFEM_TAX_R;
ZOVTFI_CFEM_VAR;S4H_TB_ZOVTFI_CFEM_VAR;S4H_VW_ZOVTFI_CFEM_VAR_R;
ZOVTFI_CIAP;S4H_TB_ZOVTFI_CIAP;S4H_VW_ZOVTFI_CIAP_R;
ZOVTFI_CIAP_H;S4H_TB_ZOVTFI_CIAP_H;S4H_VW_ZOVTFI_CIAP_H_R;
ZOVTFI_CLASS_EFD;S4H_TB_ZOVTFI_CLASS_EFD;S4H_VW_ZOVTFI_CLASS_EFD_R;
ZOVTFI_CTRL_DM;S4H_TB_ZOVTFI_CTRL_DM;S4H_VW_ZOVTFI_CTRL_DM_R;
ZOVTFI_DEB_CONTA;S4H_TB_ZOVTFI_DEB_CONTA;S4H_VW_ZOVTFI_DEB_CONTA_R;
ZOVTFI_DEB_MAT;S4H_TB_ZOVTFI_DEB_MAT;S4H_VW_ZOVTFI_DEB_MAT_R;
ZOVTFI_DEB_MINAS;S4H_TB_ZOVTFI_DEB_MINAS;S4H_VW_ZOVTFI_DEB_MINAS_R;
ZOVTFI_DEB_MINAT;S4H_TB_ZOVTFI_DEB_MINAT;S4H_VW_ZOVTFI_DEB_MINAT_R;
ZOVTFI_DEB_ORDEM;S4H_TB_ZOVTFI_DEB_ORDEM;S4H_VW_ZOVTFI_DEB_ORDEM_R;
ZOVTFI_DEB_RAT;S4H_TB_ZOVTFI_DEB_RAT;S4H_VW_ZOVTFI_DEB_RAT_R;
ZOVTFI_EBTD_SAVE;S4H_TB_ZOVTFI_EBTD_SAVE;S4H_VW_ZOVTFI_EBTD_SAVE_R;
ZOVTFI_ECOMEX_NF;S4H_TB_ZOVTFI_ECOMEX_NF;S4H_VW_ZOVTFI_ECOMEX_NF_R;
ZOVTFI_ESTR_DFC;S4H_TB_ZOVTFI_ESTR_DFC;S4H_VW_ZOVTFI_ESTR_DFC_R;
ZOVTFI_F120_F130;S4H_TB_ZOVTFI_F120_F130;S4H_VW_ZOVTFI_F120_F130_R;
ZOVTFI_F120F130N;S4H_TB_ZOVTFI_F120F130N;S4H_VW_ZOVTFI_F120F130N_R;
ZOVTFI_INVES_XRT;S4H_TB_ZOVTFI_INVES_XRT;S4H_VW_ZOVTFI_INVES_XRT_R;
ZOVTFI_NCX_BKPF;S4H_TB_ZOVTFI_NCX_BKPF;S4H_VW_ZOVTFI_NCX_BKPF_R;
ZOVTFI_NCX_BSEG;S4H_TB_ZOVTFI_NCX_BSEG;S4H_VW_ZOVTFI_NCX_BSEG_R;
ZOVTFI_PARM_SCHE;S4H_TB_ZOVTFI_PARM_SCHE;S4H_VW_ZOVTFI_PARM_SCHE_R;
ZOVTFI_REG_CAMPO;S4H_TB_ZOVTFI_REG_CAMPO;S4H_VW_ZOVTFI_REG_CAMPO_R;
ZOVTFI_RMCUR_DET;S4H_TB_ZOVTFI_RMCUR_DET;S4H_VW_ZOVTFI_RMCUR_DET_R;
ZOVTFI_RMCUR_LOG;S4H_TB_ZOVTFI_RMCUR_LOG;S4H_VW_ZOVTFI_RMCUR_LOG_R;
ZOVTFI_RULE_BKPF;S4H_TB_ZOVTFI_RULE_BKPF;S4H_VW_ZOVTFI_RULE_BKPF_R;
ZOVTFI_RULE_BSEG;S4H_TB_ZOVTFI_RULE_BSEG;S4H_VW_ZOVTFI_RULE_BSEG_R;
ZOVTFI_SCHED;S4H_TB_ZOVTFI_SCHED;S4H_VW_ZOVTFI_SCHED_R;
ZOVTFI_SCHED_LOG;S4H_TB_ZOVTFI_SCHED_LOG;S4H_VW_ZOVTFI_SCHED_LOG_R;
ZOVTFI_SCHEDULE;S4H_TB_ZOVTFI_SCHEDULE;S4H_VW_ZOVTFI_SCHEDULE_R;
ZOVTFI_TBTCO;S4H_TB_ZOVTFI_TBTCO;S4H_VW_ZOVTFI_TBTCO_R;
ZOVTFI_TBTCP;S4H_TB_ZOVTFI_TBTCP;S4H_VW_ZOVTFI_TBTCP_R;
ZOVTFI_TFRM_SUDE;S4H_TB_ZOVTFI_TFRM_SUDE;S4H_VW_ZOVTFI_TFRM_SUDE_R;
ZOVTFI_TIPO_NCX;S4H_TB_ZOVTFI_TIPO_NCX;S4H_VW_ZOVTFI_TIPO_NCX_R;
ZOVTFI_VAR_EMP;S4H_TB_ZOVTFI_VAR_EMP;S4H_VW_ZOVTFI_VAR_EMP_R;
ZOVTFI_VARIANTE;S4H_TB_ZOVTFI_VARIANTE;S4H_VW_ZOVTFI_VARIANTE_R;
ZOVTFI_VL_BKPF;S4H_TB_ZOVTFI_VL_BKPF;S4H_VW_ZOVTFI_VL_BKPF_R;
ZOVTFI_VL_BSEG;S4H_TB_ZOVTFI_VL_BSEG;S4H_VW_ZOVTFI_VL_BSEG_R;
ZOVTFI_VLNC_BKPF;S4H_TB_ZOVTFI_VLNC_BKPF;S4H_VW_ZOVTFI_VLNC_BKPF_R;
ZOVTFI_VLNC_BSEG;S4H_TB_ZOVTFI_VLNC_BSEG;S4H_VW_ZOVTFI_VLNC_BSEG_R;
ZOVTFI_WFACCAREA;S4H_TB_ZOVTFI_WFACCAREA;S4H_VW_ZOVTFI_WFACCAREA_R;
ZOVTFI_WFCOMPAC2;S4H_TB_ZOVTFI_WFCOMPAC2;S4H_VW_ZOVTFI_WFCOMPAC2_R;
ZOVTFICAL;S4H_TB_ZOVTFICAL;S4H_VW_ZOVTFICAL_R;
ZOVTFICNSDICAT;S4H_TB_ZOVTFICNSDICAT;S4H_VW_ZOVTFICNSDICAT_R;
ZOVTFICNSDLOG;S4H_TB_ZOVTFICNSDLOG;S4H_VW_ZOVTFICNSDLOG_R;
ZOVTFICNSDLOG1;S4H_TB_ZOVTFICNSDLOG1;S4H_VW_ZOVTFICNSDLOG1_R;
ZOVTFICNSDLOG2;S4H_TB_ZOVTFICNSDLOG2;S4H_VW_ZOVTFICNSDLOG2_R;
ZOVTFICNSDRUNDT;S4H_TB_ZOVTFICNSDRUNDT;S4H_VW_ZOVTFICNSDRUNDT_R;
ZOVTFICNSDRUNDT1;S4H_TB_ZOVTFICNSDRUNDT1;S4H_VW_ZOVTFICNSDRUNDT1_R;
ZOVTFICNVATIFLOG;S4H_TB_ZOVTFICNVATIFLOG;S4H_VW_ZOVTFICNVATIFLOG_R;
ZOVTFIGOODS;S4H_TB_ZOVTFIGOODS;S4H_VW_ZOVTFIGOODS_R;
ZOVTFILPESTR;S4H_TB_ZOVTFILPESTR;S4H_VW_ZOVTFILPESTR_R;
ZOVTFISERV;S4H_TB_ZOVTFISERV;S4H_VW_ZOVTFISERV_R;
ZOVTFITAX;S4H_TB_ZOVTFITAX;S4H_VW_ZOVTFITAX_R;
ZOVTHR_CROSSIDW3;S4H_TB_ZOVTHR_CROSSIDW3;S4H_VW_ZOVTHR_CROSSIDW3_R;
ZOVTHR_MDMDATAW3;S4H_TB_ZOVTHR_MDMDATAW3;S4H_VW_ZOVTHR_MDMDATAW3_R;
ZOVTKDCUSTO;S4H_TB_ZOVTKDCUSTO;S4H_VW_ZOVTKDCUSTO_R;
ZOVTKDDOCMAT;S4H_TB_ZOVTKDDOCMAT;S4H_VW_ZOVTKDDOCMAT_R;
ZOVTKDENDERECO;S4H_TB_ZOVTKDENDERECO;S4H_VW_ZOVTKDENDERECO_R;
ZOVTKDINVHEADER;S4H_TB_ZOVTKDINVHEADER;S4H_VW_ZOVTKDINVHEADER_R;
ZOVTKDINVITEM;S4H_TB_ZOVTKDINVITEM;S4H_VW_ZOVTKDINVITEM_R;
ZOVTKDMATERIAL;S4H_TB_ZOVTKDMATERIAL;S4H_VW_ZOVTKDMATERIAL_R;
ZOVTKDMOVIMENT;S4H_TB_ZOVTKDMOVIMENT;S4H_VW_ZOVTKDMOVIMENT_R;
ZOVTKDOMHEADER;S4H_TB_ZOVTKDOMHEADER;S4H_VW_ZOVTKDOMHEADER_R;
ZOVTKDOMLOG;S4H_TB_ZOVTKDOMLOG;S4H_VW_ZOVTKDOMLOG_R;
ZOVTKDPEDIDO;S4H_TB_ZOVTKDPEDIDO;S4H_VW_ZOVTKDPEDIDO_R;
ZOVTKDRESERVA;S4H_TB_ZOVTKDRESERVA;S4H_VW_ZOVTKDRESERVA_R;
ZOVTKDSALDO;S4H_TB_ZOVTKDSALDO;S4H_VW_ZOVTKDSALDO_R;
ZOVTKDSOLHEADER;S4H_TB_ZOVTKDSOLHEADER;S4H_VW_ZOVTKDSOLHEADER_R;
ZOVTKDSOLHIST;S4H_TB_ZOVTKDSOLHIST;S4H_VW_ZOVTKDSOLHIST_R;
ZOVTKDSOLITEM;S4H_TB_ZOVTKDSOLITEM;S4H_VW_ZOVTKDSOLITEM_R;
ZOVTKDSOLITEMSEQ;S4H_TB_ZOVTKDSOLITEMSEQ;S4H_VW_ZOVTKDSOLITEMSEQ_R;
ZOVTKDSOLPICKTRS;S4H_TB_ZOVTKDSOLPICKTRS;S4H_VW_ZOVTKDSOLPICKTRS_R;
ZOVTMM_AIW1;S4H_TB_ZOVTMM_AIW1;S4H_VW_ZOVTMM_AIW1_R;
ZOVTMM_AIW2;S4H_TB_ZOVTMM_AIW2;S4H_VW_ZOVTMM_AIW2_R;
ZOVTMM_AIW3;S4H_TB_ZOVTMM_AIW3;S4H_VW_ZOVTMM_AIW3_R;
ZOVTMM_AIW4;S4H_TB_ZOVTMM_AIW4;S4H_VW_ZOVTMM_AIW4_R;
ZOVTMM_AIW5;S4H_TB_ZOVTMM_AIW5;S4H_VW_ZOVTMM_AIW5_R;
ZOVTMM_AIW6;S4H_TB_ZOVTMM_AIW6;S4H_VW_ZOVTMM_AIW6_R;
ZOVTMM_APPR_L0;S4H_TB_ZOVTMM_APPR_L0;S4H_VW_ZOVTMM_APPR_L0_R;
ZOVTMM_CUST_DECL;S4H_TB_ZOVTMM_CUST_DECL;S4H_VW_ZOVTMM_CUST_DECL_R;
ZOVTMM_DRAFT_SUR;S4H_TB_ZOVTMM_DRAFT_SUR;S4H_VW_ZOVTMM_DRAFT_SUR_R;
ZOVTMM_FRSPARC;S4H_TB_ZOVTMM_FRSPARC;S4H_VW_ZOVTMM_FRSPARC_R;
ZOVTMM_FRSTOTAL;S4H_TB_ZOVTMM_FRSTOTAL;S4H_VW_ZOVTMM_FRSTOTAL_R;
ZOVTMM_GROUP_LOG;S4H_TB_ZOVTMM_GROUP_LOG;S4H_VW_ZOVTMM_GROUP_LOG_R;
ZOVTMM_IAMUSER;S4H_TB_ZOVTMM_IAMUSER;S4H_VW_ZOVTMM_IAMUSER_R;
ZOVTMM_IAMUSER_H;S4H_TB_ZOVTMM_IAMUSER_H;S4H_VW_ZOVTMM_IAMUSER_H_R;
ZOVTMM_INV_BLEND;S4H_TB_ZOVTMM_INV_BLEND;S4H_VW_ZOVTMM_INV_BLEND_R;
ZOVTMM_INV_DISCH;S4H_TB_ZOVTMM_INV_DISCH;S4H_VW_ZOVTMM_INV_DISCH_R;
ZOVTMM_MATE_SPED;S4H_TB_ZOVTMM_MATE_SPED;S4H_VW_ZOVTMM_MATE_SPED_R;
ZOVTMM_ORDER_E;S4H_TB_ZOVTMM_ORDER_E;S4H_VW_ZOVTMM_ORDER_E_R;
ZOVTMM_RSV_REPOS;S4H_TB_ZOVTMM_RSV_REPOS;S4H_VW_ZOVTMM_RSV_REPOS_R;
ZOVTMM_SCDGRC;S4H_TB_ZOVTMM_SCDGRC;S4H_VW_ZOVTMM_SCDGRC_R;
ZOVTMM_SCDLOG;S4H_TB_ZOVTMM_SCDLOG;S4H_VW_ZOVTMM_SCDLOG_R;
ZOVTMM_SCDPARAM;S4H_TB_ZOVTMM_SCDPARAM;S4H_VW_ZOVTMM_SCDPARAM_R;
ZOVTMM_SCDPARAM2;S4H_TB_ZOVTMM_SCDPARAM2;S4H_VW_ZOVTMM_SCDPARAM2_R;
ZOVTMM_STOR_LOG;S4H_TB_ZOVTMM_STOR_LOG;S4H_VW_ZOVTMM_STOR_LOG_R;
ZOVTMM_SYLG_GDRT;S4H_TB_ZOVTMM_SYLG_GDRT;S4H_VW_ZOVTMM_SYLG_GDRT_R;
ZOVTMM_SYLG_GRGB;S4H_TB_ZOVTMM_SYLG_GRGB;S4H_VW_ZOVTMM_SYLG_GRGB_R;
ZOVTMM_SYLG_PREP;S4H_TB_ZOVTMM_SYLG_PREP;S4H_VW_ZOVTMM_SYLG_PREP_R;
ZOVTMM_SYLG_SEPR;S4H_TB_ZOVTMM_SYLG_SEPR;S4H_VW_ZOVTMM_SYLG_SEPR_R;
ZOVTMM_SYLG_SHIP;S4H_TB_ZOVTMM_SYLG_SHIP;S4H_VW_ZOVTMM_SYLG_SHIP_R;
ZOVTMM_SYLG_STOR;S4H_TB_ZOVTMM_SYLG_STOR;S4H_VW_ZOVTMM_SYLG_STOR_R;
ZOVTMM_TAXFREIGH;S4H_TB_ZOVTMM_TAXFREIGH;S4H_VW_ZOVTMM_TAXFREIGH_R;
ZOVTMM_TRACKNUM;S4H_TB_ZOVTMM_TRACKNUM;S4H_VW_ZOVTMM_TRACKNUM_R;
ZOVTMM_UNLOAD_PT;S4H_TB_ZOVTMM_UNLOAD_PT;S4H_VW_ZOVTMM_UNLOAD_PT_R;
ZOVTMM_WF_FRS;S4H_TB_ZOVTMM_WF_FRS;S4H_VW_ZOVTMM_WF_FRS_R;
ZOVTMM3RD;S4H_TB_ZOVTMM3RD;S4H_VW_ZOVTMM3RD_R;
ZOVTMM3RD_MODF;S4H_TB_ZOVTMM3RD_MODF;S4H_VW_ZOVTMM3RD_MODF_R;
ZOVTMM3RDCFG_MSG;S4H_TB_ZOVTMM3RDCFG_MSG;S4H_VW_ZOVTMM3RDCFG_MSG_R;
ZOVTMM3RDCFG_OTH;S4H_TB_ZOVTMM3RDCFG_OTH;S4H_VW_ZOVTMM3RDCFG_OTH_R;
ZOVTMMBAIXA;S4H_TB_ZOVTMMBAIXA;S4H_VW_ZOVTMMBAIXA_R;
ZOVTMMEKKO217;S4H_TB_ZOVTMMEKKO217;S4H_VW_ZOVTMMEKKO217_R;
ZOVTMMEKPO217;S4H_TB_ZOVTMMEKPO217;S4H_VW_ZOVTMMEKPO217_R;
ZOVTMMEMB_DOCS;S4H_TB_ZOVTMMEMB_DOCS;S4H_VW_ZOVTMMEMB_DOCS_R;
ZOVTMMEMBALAGEM;S4H_TB_ZOVTMMEMBALAGEM;S4H_VW_ZOVTMMEMBALAGEM_R;
ZOVTMMINTEG_PROC;S4H_TB_ZOVTMMINTEG_PROC;S4H_VW_ZOVTMMINTEG_PROC_R;
ZOVTMMKB_LOG_ENV;S4H_TB_ZOVTMMKB_LOG_ENV;S4H_VW_ZOVTMMKB_LOG_ENV_R;
ZOVTMMKB_LOG_PR;S4H_TB_ZOVTMMKB_LOG_PR;S4H_VW_ZOVTMMKB_LOG_PR_R;
ZOVTMMRAD_PODATA;S4H_TB_ZOVTMMRAD_PODATA;S4H_VW_ZOVTMMRAD_PODATA_R;
ZOVTMMSLCOLETA;S4H_TB_ZOVTMMSLCOLETA;S4H_VW_ZOVTMMSLCOLETA_R;
ZOVTMMSTATUSVSP;S4H_TB_ZOVTMMSTATUSVSP;S4H_VW_ZOVTMMSTATUSVSP_R;
ZOVTMMTRANSP;S4H_TB_ZOVTMMTRANSP;S4H_VW_ZOVTMMTRANSP_R;
ZOVTMMTRANSPDUF;S4H_TB_ZOVTMMTRANSPDUF;S4H_VW_ZOVTMMTRANSPDUF_R;
ZOVTMMTRANSPFIL;S4H_TB_ZOVTMMTRANSPFIL;S4H_VW_ZOVTMMTRANSPFIL_R;
ZOVTMMTRANSPUF;S4H_TB_ZOVTMMTRANSPUF;S4H_VW_ZOVTMMTRANSPUF_R;
ZOVTMMTRIPNUMBER;S4H_TB_ZOVTMMTRIPNUMBER;S4H_VW_ZOVTMMTRIPNUMBER_R;
ZOVTPM_APONT_HD;S4H_TB_ZOVTPM_APONT_HD;S4H_VW_ZOVTPM_APONT_HD_R;
ZOVTPM_APONT_ITM;S4H_TB_ZOVTPM_APONT_ITM;S4H_VW_ZOVTPM_APONT_ITM_R;
ZOVTPM_APONT_USR;S4H_TB_ZOVTPM_APONT_USR;S4H_VW_ZOVTPM_APONT_USR_R;
ZOVTPM_BAS_CAPAC;S4H_TB_ZOVTPM_BAS_CAPAC;S4H_VW_ZOVTPM_BAS_CAPAC_R;
ZOVTPM_BLRET;S4H_TB_ZOVTPM_BLRET;S4H_VW_ZOVTPM_BLRET_R;
ZOVTPM_CHECKLIST;S4H_TB_ZOVTPM_CHECKLIST;S4H_VW_ZOVTPM_CHECKLIST_R;
ZOVTPM_CNF;S4H_TB_ZOVTPM_CNF;S4H_VW_ZOVTPM_CNF_R;
ZOVTPM_CRIT_LOG;S4H_TB_ZOVTPM_CRIT_LOG;S4H_VW_ZOVTPM_CRIT_LOG_R;
ZOVTPM_CT_LOG;S4H_TB_ZOVTPM_CT_LOG;S4H_VW_ZOVTPM_CT_LOG_R;
ZOVTPM_DEL_EQUIP;S4H_TB_ZOVTPM_DEL_EQUIP;S4H_VW_ZOVTPM_DEL_EQUIP_R;
ZOVTPM_DEL_IFLOC;S4H_TB_ZOVTPM_DEL_IFLOC;S4H_VW_ZOVTPM_DEL_IFLOC_R;
ZOVTPM_EQUI_RISK;S4H_TB_ZOVTPM_EQUI_RISK;S4H_VW_ZOVTPM_EQUI_RISK_R;
ZOVTPM_EQUI_WF;S4H_TB_ZOVTPM_EQUI_WF;S4H_VW_ZOVTPM_EQUI_WF_R;
ZOVTPM_GER_LOC;S4H_TB_ZOVTPM_GER_LOC;S4H_VW_ZOVTPM_GER_LOC_R;
ZOVTPM_GERA_OM;S4H_TB_ZOVTPM_GERA_OM;S4H_VW_ZOVTPM_GERA_OM_R;
ZOVTPM_HIER_META;S4H_TB_ZOVTPM_HIER_META;S4H_VW_ZOVTPM_HIER_META_R;
ZOVTPM_HIER_NAME;S4H_TB_ZOVTPM_HIER_NAME;S4H_VW_ZOVTPM_HIER_NAME_R;
ZOVTPM_HIER_TREE;S4H_TB_ZOVTPM_HIER_TREE;S4H_VW_ZOVTPM_HIER_TREE_R;
ZOVTPM_ICP_CALC;S4H_TB_ZOVTPM_ICP_CALC;S4H_VW_ZOVTPM_ICP_CALC_R;
ZOVTPM_ICP_CALCL;S4H_TB_ZOVTPM_ICP_CALCL;S4H_VW_ZOVTPM_ICP_CALCL_R;
ZOVTPM_IFLO_RISK;S4H_TB_ZOVTPM_IFLO_RISK;S4H_VW_ZOVTPM_IFLO_RISK_R;
ZOVTPM_IMPOS_STA;S4H_TB_ZOVTPM_IMPOS_STA;S4H_VW_ZOVTPM_IMPOS_STA_R;
ZOVTPM_JUST_CON;S4H_TB_ZOVTPM_JUST_CON;S4H_VW_ZOVTPM_JUST_CON_R;
ZOVTPM_JUST_CONL;S4H_TB_ZOVTPM_JUST_CONL;S4H_VW_ZOVTPM_JUST_CONL_R;
ZOVTPM_JUSTIFY;S4H_TB_ZOVTPM_JUSTIFY;S4H_VW_ZOVTPM_JUSTIFY_R;
ZOVTPM_JUSTNT;S4H_TB_ZOVTPM_JUSTNT;S4H_VW_ZOVTPM_JUSTNT_R;
ZOVTPM_JUSTPM;S4H_TB_ZOVTPM_JUSTPM;S4H_VW_ZOVTPM_JUSTPM_R;
ZOVTPM_LOG_ATCR;S4H_TB_ZOVTPM_LOG_ATCR;S4H_VW_ZOVTPM_LOG_ATCR_R;
ZOVTPM_LOG_ATCRE;S4H_TB_ZOVTPM_LOG_ATCRE;S4H_VW_ZOVTPM_LOG_ATCRE_R;
ZOVTPM_LOG_JUST;S4H_TB_ZOVTPM_LOG_JUST;S4H_VW_ZOVTPM_LOG_JUST_R;
ZOVTPM_LOG_NOTIF;S4H_TB_ZOVTPM_LOG_NOTIF;S4H_VW_ZOVTPM_LOG_NOTIF_R;
ZOVTPM_MAIN_RISK;S4H_TB_ZOVTPM_MAIN_RISK;S4H_VW_ZOVTPM_MAIN_RISK_R;
ZOVTPM_MEASR_LOG;S4H_TB_ZOVTPM_MEASR_LOG;S4H_VW_ZOVTPM_MEASR_LOG_R;
ZOVTPM_NIV_TOL;S4H_TB_ZOVTPM_NIV_TOL;S4H_VW_ZOVTPM_NIV_TOL_R;
ZOVTPM_OM_ALLO;S4H_TB_ZOVTPM_OM_ALLO;S4H_VW_ZOVTPM_OM_ALLO_R;
ZOVTPM_OM_ALLOL;S4H_TB_ZOVTPM_OM_ALLOL;S4H_VW_ZOVTPM_OM_ALLOL_R;
ZOVTPM_OM_ORD;S4H_TB_ZOVTPM_OM_ORD;S4H_VW_ZOVTPM_OM_ORD_R;
ZOVTPM_OM_ORDL;S4H_TB_ZOVTPM_OM_ORDL;S4H_VW_ZOVTPM_OM_ORDL_R;
ZOVTPM_ORD_DOCME;S4H_TB_ZOVTPM_ORD_DOCME;S4H_VW_ZOVTPM_ORD_DOCME_R;
ZOVTPM_ORD_NOTIF;S4H_TB_ZOVTPM_ORD_NOTIF;S4H_VW_ZOVTPM_ORD_NOTIF_R;
ZOVTPM_PLANT_WRK;S4H_TB_ZOVTPM_PLANT_WRK;S4H_VW_ZOVTPM_PLANT_WRK_R;
ZOVTPM_PM268_LOG;S4H_TB_ZOVTPM_PM268_LOG;S4H_VW_ZOVTPM_PM268_LOG_R;
ZOVTPM_PROFILE;S4H_TB_ZOVTPM_PROFILE;S4H_VW_ZOVTPM_PROFILE_R;
ZOVTPM_PTS_ART;S4H_TB_ZOVTPM_PTS_ART;S4H_VW_ZOVTPM_PTS_ART_R;
ZOVTPM_PTS_CT_NA;S4H_TB_ZOVTPM_PTS_CT_NA;S4H_VW_ZOVTPM_PTS_CT_NA_R;
ZOVTPM_PTS_CTRL;S4H_TB_ZOVTPM_PTS_CTRL;S4H_VW_ZOVTPM_PTS_CTRL_R;
ZOVTPM_PTS_DE_NA;S4H_TB_ZOVTPM_PTS_DE_NA;S4H_VW_ZOVTPM_PTS_DE_NA_R;
ZOVTPM_PTS_DESCT;S4H_TB_ZOVTPM_PTS_DESCT;S4H_VW_ZOVTPM_PTS_DESCT_R;
ZOVTPM_PTS_LI_NA;S4H_TB_ZOVTPM_PTS_LI_NA;S4H_VW_ZOVTPM_PTS_LI_NA_R;
ZOVTPM_PTS_LIST;S4H_TB_ZOVTPM_PTS_LIST;S4H_VW_ZOVTPM_PTS_LIST_R;
ZOVTPM_PTS_PRO;S4H_TB_ZOVTPM_PTS_PRO;S4H_VW_ZOVTPM_PTS_PRO_R;
ZOVTPM_PTS_RE_NA;S4H_TB_ZOVTPM_PTS_RE_NA;S4H_VW_ZOVTPM_PTS_RE_NA_R;
ZOVTPM_PTS_REL;S4H_TB_ZOVTPM_PTS_REL;S4H_VW_ZOVTPM_PTS_REL_R;
ZOVTPM_PTS_REL_T;S4H_TB_ZOVTPM_PTS_REL_T;S4H_VW_ZOVTPM_PTS_REL_T_R;
ZOVTPM_PTS_RT_NA;S4H_TB_ZOVTPM_PTS_RT_NA;S4H_VW_ZOVTPM_PTS_RT_NA_R;
ZOVTPM_PTS_TS_NA;S4H_TB_ZOVTPM_PTS_TS_NA;S4H_VW_ZOVTPM_PTS_TS_NA_R;
ZOVTPM_PTS_TSK;S4H_TB_ZOVTPM_PTS_TSK;S4H_VW_ZOVTPM_PTS_TSK_R;
ZOVTPM_RAIL_CNTR;S4H_TB_ZOVTPM_RAIL_CNTR;S4H_VW_ZOVTPM_RAIL_CNTR_R;
ZOVTPM_RES_CNTR;S4H_TB_ZOVTPM_RES_CNTR;S4H_VW_ZOVTPM_RES_CNTR_R;
ZOVTPM_RESP_RISK;S4H_TB_ZOVTPM_RESP_RISK;S4H_VW_ZOVTPM_RESP_RISK_R;
ZOVTPM_RISK_LOG;S4H_TB_ZOVTPM_RISK_LOG;S4H_VW_ZOVTPM_RISK_LOG_R;
ZOVTPM_STAT_LOG;S4H_TB_ZOVTPM_STAT_LOG;S4H_VW_ZOVTPM_STAT_LOG_R;
ZOVTPM_TSK_ART;S4H_TB_ZOVTPM_TSK_ART;S4H_VW_ZOVTPM_TSK_ART_R;
ZOVTPM_TSK_PRO;S4H_TB_ZOVTPM_TSK_PRO;S4H_VW_ZOVTPM_TSK_PRO_R;
ZOVTPM_UNLOCK_EQ;S4H_TB_ZOVTPM_UNLOCK_EQ;S4H_VW_ZOVTPM_UNLOCK_EQ_R;
ZOVTPM_UNLOCK_FL;S4H_TB_ZOVTPM_UNLOCK_FL;S4H_VW_ZOVTPM_UNLOCK_FL_R;
ZOVTPM_UNLOCK_MP;S4H_TB_ZOVTPM_UNLOCK_MP;S4H_VW_ZOVTPM_UNLOCK_MP_R;
ZOVTPM_UNLOCK_QM;S4H_TB_ZOVTPM_UNLOCK_QM;S4H_VW_ZOVTPM_UNLOCK_QM_R;
ZOVTPM_UNLOCK_WK;S4H_TB_ZOVTPM_UNLOCK_WK;S4H_VW_ZOVTPM_UNLOCK_WK_R;
ZOVTPM_WERK_E_NA;S4H_TB_ZOVTPM_WERK_E_NA;S4H_VW_ZOVTPM_WERK_E_NA_R;
ZOVTPM_WERK_EMIT;S4H_TB_ZOVTPM_WERK_EMIT;S4H_VW_ZOVTPM_WERK_EMIT_R;
ZOVTPM_WF_COPY;S4H_TB_ZOVTPM_WF_COPY;S4H_VW_ZOVTPM_WF_COPY_R;
ZOVTPM_WF_LOG;S4H_TB_ZOVTPM_WF_LOG;S4H_VW_ZOVTPM_WF_LOG_R;
ZOVTPM_WF_OR_CON;S4H_TB_ZOVTPM_WF_OR_CON;S4H_VW_ZOVTPM_WF_OR_CON_R;
ZOVTPM_WF_OR_GER;S4H_TB_ZOVTPM_WF_OR_GER;S4H_VW_ZOVTPM_WF_OR_GER_R;
ZOVTPM_WF_OR_SYS;S4H_TB_ZOVTPM_WF_OR_SYS;S4H_VW_ZOVTPM_WF_OR_SYS_R;
ZOVTPM_WRK_EM_NA;S4H_TB_ZOVTPM_WRK_EM_NA;S4H_VW_ZOVTPM_WRK_EM_NA_R;
ZOVTPM26801;S4H_TB_ZOVTPM26801;S4H_VW_ZOVTPM26801_R;
ZOVTPM26802;S4H_TB_ZOVTPM26802;S4H_VW_ZOVTPM26802_R;
ZOVTPM26803;S4H_TB_ZOVTPM26803;S4H_VW_ZOVTPM26803_R;
ZOVTPMBASELINE;S4H_TB_ZOVTPMBASELINE;S4H_VW_ZOVTPMBASELINE_R;
ZOVTPMDEVCODE;S4H_TB_ZOVTPMDEVCODE;S4H_VW_ZOVTPMDEVCODE_R;
ZOVTPMFAIL_CLASS;S4H_TB_ZOVTPMFAIL_CLASS;S4H_VW_ZOVTPMFAIL_CLASS_R;
ZOVTPMOMCHECKLST;S4H_TB_ZOVTPMOMCHECKLST;S4H_VW_ZOVTPMOMCHECKLST_R;
ZOVTPMOMORDFILL;S4H_TB_ZOVTPMOMORDFILL;S4H_VW_ZOVTPMOMORDFILL_R;
ZOVTPMTBTLOG;S4H_TB_ZOVTPMTBTLOG;S4H_VW_ZOVTPMTBTLOG_R;
ZOVTPMTLS;S4H_TB_ZOVTPMTLS;S4H_VW_ZOVTPMTLS_R;
ZOVTPMWORKCTR;S4H_TB_ZOVTPMWORKCTR;S4H_VW_ZOVTPMWORKCTR_R;
ZOVTPP_HIS_GRADE;S4H_TB_ZOVTPP_HIS_GRADE;S4H_VW_ZOVTPP_HIS_GRADE_R;
ZOVTPPINV_HIS_GR;S4H_TB_ZOVTPPINV_HIS_GR;S4H_VW_ZOVTPPINV_HIS_GR_R;
ZOVTPS_ANTAQTP;S4H_TB_ZOVTPS_ANTAQTP;S4H_VW_ZOVTPS_ANTAQTP_R;
ZOVTPS_ANTT;S4H_TB_ZOVTPS_ANTT;S4H_VW_ZOVTPS_ANTT_R;
ZOVTPS_ANTTT;S4H_TB_ZOVTPS_ANTTT;S4H_VW_ZOVTPS_ANTTT_R;
ZOVTPS_APORT_CON;S4H_TB_ZOVTPS_APORT_CON;S4H_VW_ZOVTPS_APORT_CON_R;
ZOVTPS_APORT_COT;S4H_TB_ZOVTPS_APORT_COT;S4H_VW_ZOVTPS_APORT_COT_R;
ZOVTPS_APORT_OB;S4H_TB_ZOVTPS_APORT_OB;S4H_VW_ZOVTPS_APORT_OB_R;
ZOVTPS_APORT_OBT;S4H_TB_ZOVTPS_APORT_OBT;S4H_VW_ZOVTPS_APORT_OBT_R;
ZOVTPS_APORTTYPE;S4H_TB_ZOVTPS_APORTTYPE;S4H_VW_ZOVTPS_APORTTYPE_R;
ZOVTPS_APORTTYPT;S4H_TB_ZOVTPS_APORTTYPT;S4H_VW_ZOVTPS_APORTTYPT_R;
ZOVTPS_D17;S4H_TB_ZOVTPS_D17;S4H_VW_ZOVTPS_D17_R;
ZOVTPS_LIQ_PEP;S4H_TB_ZOVTPS_LIQ_PEP;S4H_VW_ZOVTPS_LIQ_PEP_R;
ZOVTPS_LIQ_PEPT;S4H_TB_ZOVTPS_LIQ_PEPT;S4H_VW_ZOVTPS_LIQ_PEPT_R;
ZOVTPS_MACRO_PR;S4H_TB_ZOVTPS_MACRO_PR;S4H_VW_ZOVTPS_MACRO_PR_R;
ZOVTPS_MACRO_PRT;S4H_TB_ZOVTPS_MACRO_PRT;S4H_VW_ZOVTPS_MACRO_PRT_R;
ZOVTPS_PRIORPRJT;S4H_TB_ZOVTPS_PRIORPRJT;S4H_VW_ZOVTPS_PRIORPRJT_R;
ZOVTPS_PRJ_PROC;S4H_TB_ZOVTPS_PRJ_PROC;S4H_VW_ZOVTPS_PRJ_PROC_R;
ZOVTPS_PRJ_PROCT;S4H_TB_ZOVTPS_PRJ_PROCT;S4H_VW_ZOVTPS_PRJ_PROCT_R;
ZOVTPS_PROD_SER;S4H_TB_ZOVTPS_PROD_SER;S4H_VW_ZOVTPS_PROD_SER_R;
ZOVTPS_PROD_SERT;S4H_TB_ZOVTPS_PROD_SERT;S4H_VW_ZOVTPS_PROD_SERT_R;
ZOVTPS_PRODUC;S4H_TB_ZOVTPS_PRODUC;S4H_VW_ZOVTPS_PRODUC_R;
ZOVTPS_PRODUCT;S4H_TB_ZOVTPS_PRODUCT;S4H_VW_ZOVTPS_PRODUCT_R;
ZOVTPS_PROGRAM;S4H_TB_ZOVTPS_PROGRAM;S4H_VW_ZOVTPS_PROGRAM_R;
ZOVTPS_PROGRAMT;S4H_TB_ZOVTPS_PROGRAMT;S4H_VW_ZOVTPS_PROGRAMT_R;
ZOVTPS_STRATEG;S4H_TB_ZOVTPS_STRATEG;S4H_VW_ZOVTPS_STRATEG_R;
ZOVTPS_STRATEGT;S4H_TB_ZOVTPS_STRATEGT;S4H_VW_ZOVTPS_STRATEGT_R;
ZOVTPS_SUB_STRA;S4H_TB_ZOVTPS_SUB_STRA;S4H_VW_ZOVTPS_SUB_STRA_R;
ZOVTPS_SUB_STRAT;S4H_TB_ZOVTPS_SUB_STRAT;S4H_VW_ZOVTPS_SUB_STRAT_R;
ZOVTPS004;S4H_TB_ZOVTPS004;S4H_VW_ZOVTPS004_R;
ZOVTSD_ALLOT_MAP;S4H_TB_ZOVTSD_ALLOT_MAP;S4H_VW_ZOVTSD_ALLOT_MAP_R;
ZOVTSD_ASYSTLTRM;S4H_TB_ZOVTSD_ASYSTLTRM;S4H_VW_ZOVTSD_ASYSTLTRM_R;
ZOVTSD_BCHAR_CON;S4H_TB_ZOVTSD_BCHAR_CON;S4H_VW_ZOVTSD_BCHAR_CON_R;
ZOVTSD_CON_METAL;S4H_TB_ZOVTSD_CON_METAL;S4H_VW_ZOVTSD_CON_METAL_R;
ZOVTSD_CSM_FPO;S4H_TB_ZOVTSD_CSM_FPO;S4H_VW_ZOVTSD_CSM_FPO_R;
ZOVTSD_DOCTRACK;S4H_TB_ZOVTSD_DOCTRACK;S4H_VW_ZOVTSD_DOCTRACK_R;
ZOVTSD_INV_FORE;S4H_TB_ZOVTSD_INV_FORE;S4H_VW_ZOVTSD_INV_FORE_R;
ZOVTSD_INV_UPLD;S4H_TB_ZOVTSD_INV_UPLD;S4H_VW_ZOVTSD_INV_UPLD_R;
ZOVTSD_LOG_TABLE;S4H_TB_ZOVTSD_LOG_TABLE;S4H_VW_ZOVTSD_LOG_TABLE_R;
ZOVTSD_METAL_COD;S4H_TB_ZOVTSD_METAL_COD;S4H_VW_ZOVTSD_METAL_COD_R;
ZOVTSD_METAL_XWT;S4H_TB_ZOVTSD_METAL_XWT;S4H_VW_ZOVTSD_METAL_XWT_R;
ZOVTSD_NETB_FSUM;S4H_TB_ZOVTSD_NETB_FSUM;S4H_VW_ZOVTSD_NETB_FSUM_R;
ZOVTSD_NETBD_DSO;S4H_TB_ZOVTSD_NETBD_DSO;S4H_VW_ZOVTSD_NETBD_DSO_R;
ZOVTSD_NETBD_FC;S4H_TB_ZOVTSD_NETBD_FC;S4H_VW_ZOVTSD_NETBD_FC_R;
ZOVTSD_NETBD_FPF;S4H_TB_ZOVTSD_NETBD_FPF;S4H_VW_ZOVTSD_NETBD_FPF_R;
ZOVTSD_NETBD_IFF;S4H_TB_ZOVTSD_NETBD_IFF;S4H_VW_ZOVTSD_NETBD_IFF_R;
ZOVTSD_NETBD_INF;S4H_TB_ZOVTSD_NETBD_INF;S4H_VW_ZOVTSD_NETBD_INF_R;
ZOVTSD_NETBD_MIS;S4H_TB_ZOVTSD_NETBD_MIS;S4H_VW_ZOVTSD_NETBD_MIS_R;
ZOVTSD_NETBD_PPA;S4H_TB_ZOVTSD_NETBD_PPA;S4H_VW_ZOVTSD_NETBD_PPA_R;
ZOVTSD_NETBD_SGC;S4H_TB_ZOVTSD_NETBD_SGC;S4H_VW_ZOVTSD_NETBD_SGC_R;
ZOVTSD_NETBD_SGR;S4H_TB_ZOVTSD_NETBD_SGR;S4H_VW_ZOVTSD_NETBD_SGR_R;
ZOVTSD_NETBD_TAX;S4H_TB_ZOVTSD_NETBD_TAX;S4H_VW_ZOVTSD_NETBD_TAX_R;
ZOVTSD_NETBD_WH2;S4H_TB_ZOVTSD_NETBD_WH2;S4H_VW_ZOVTSD_NETBD_WH2_R;
ZOVTSD_PORT_PLNT;S4H_TB_ZOVTSD_PORT_PLNT;S4H_VW_ZOVTSD_PORT_PLNT_R;
ZOVTSD_PPAOUT;S4H_TB_ZOVTSD_PPAOUT;S4H_VW_ZOVTSD_PPAOUT_R;
ZOVTSD_PPAPRIC;S4H_TB_ZOVTSD_PPAPRIC;S4H_VW_ZOVTSD_PPAPRIC_R;
ZOVTSD_PRDT_SPEC;S4H_TB_ZOVTSD_PRDT_SPEC;S4H_VW_ZOVTSD_PRDT_SPEC_R;
ZOVTSD_RMLOTBILL;S4H_TB_ZOVTSD_RMLOTBILL;S4H_VW_ZOVTSD_RMLOTBILL_R;
ZOVTSD_RMPARBILL;S4H_TB_ZOVTSD_RMPARBILL;S4H_VW_ZOVTSD_RMPARBILL_R;
ZOVTSD_RMSSMCND;S4H_TB_ZOVTSD_RMSSMCND;S4H_VW_ZOVTSD_RMSSMCND_R;
ZOVTSD_RMSSMHDR;S4H_TB_ZOVTSD_RMSSMHDR;S4H_VW_ZOVTSD_RMSSMHDR_R;
ZOVTSD_RMUOM;S4H_TB_ZOVTSD_RMUOM;S4H_VW_ZOVTSD_RMUOM_R;
ZOVTSD_VBRBF_H;S4H_TB_ZOVTSD_VBRBF_H;S4H_VW_ZOVTSD_VBRBF_H_R;
ZOVTSD_VBRBF_I;S4H_TB_ZOVTSD_VBRBF_I;S4H_VW_ZOVTSD_VBRBF_I_R;
ZOVTSD_VF11_DET;S4H_TB_ZOVTSD_VF11_DET;S4H_VW_ZOVTSD_VF11_DET_R;
ZOVTSDINVPARC;S4H_TB_ZOVTSDINVPARC;S4H_VW_ZOVTSDINVPARC_R;
ZOVTSDLOT_HEADER;S4H_TB_ZOVTSDLOT_HEADER;S4H_VW_ZOVTSDLOT_HEADER_R;
ZOVTSDLOT_ITEM;S4H_TB_ZOVTSDLOT_ITEM;S4H_VW_ZOVTSDLOT_ITEM_R;
ZOVTSDSHIPM;S4H_TB_ZOVTSDSHIPM;S4H_VW_ZOVTSDSHIPM_R;
ZTL_EHL_ERROR;S4H_TB_ZTL_EHL_ERROR;S4H_VW_ZTL_EHL_ERROR_R;
ZTLSBC_LOG_MSG;S4H_TB_ZTLSBC_LOG_MSG;S4H_VW_ZTLSBC_LOG_MSG_R;
ZTRA_PASSPORT;S4H_TB_ZTRA_PASSPORT;S4H_VW_ZTRA_PASSPORT_R;
ZTRA_PASSWORD;S4H_TB_ZTRA_PASSWORD;S4H_VW_ZTRA_PASSWORD_R;
ZVLTBCLOG;S4H_TB_ZVLTBCLOG;S4H_VW_ZVLTBCLOG_R;
ZVLTEH_NO_LOSS;S4H_TB_ZVLTEH_NO_LOSS;S4H_VW_ZVLTEH_NO_LOSS_R;
ZVLTEH_NO_LOSS_T;S4H_TB_ZVLTEH_NO_LOSS_T;S4H_VW_ZVLTEH_NO_LOSS_T_R;
ZVLTEH_NOLOSS;S4H_TB_ZVLTEH_NOLOSS;S4H_VW_ZVLTEH_NOLOSS_R;
ZVLTEH_NOLOSS_T;S4H_TB_ZVLTEH_NOLOSS_T;S4H_VW_ZVLTEH_NOLOSS_T_R;
ZVLTEH_SUB_NLOSS;S4H_TB_ZVLTEH_SUB_NLOSS;S4H_VW_ZVLTEH_SUB_NLOSS_R;
ZVLTEH_SUBLOSS_T;S4H_TB_ZVLTEH_SUBLOSS_T;S4H_VW_ZVLTEH_SUBLOSS_T_R;
ZVLTMM_AJU_PLANT;S4H_TB_ZVLTMM_AJU_PLANT;S4H_VW_ZVLTMM_AJU_PLANT_R;
ZVLTMM_DP_CONTR;S4H_TB_ZVLTMM_DP_CONTR;S4H_VW_ZVLTMM_DP_CONTR_R;
ZVLTMM_DP_DIASNU;S4H_TB_ZVLTMM_DP_DIASNU;S4H_VW_ZVLTMM_DP_DIASNU_R;
ZVLTMM_DP_PLANTS;S4H_TB_ZVLTMM_DP_PLANTS;S4H_VW_ZVLTMM_DP_PLANTS_R;
ZVLTMM_LEADTIME;S4H_TB_ZVLTMM_LEADTIME;S4H_VW_ZVLTMM_LEADTIME_R;
ZVLTPS_CADEIAVLT;S4H_TB_ZVLTPS_CADEIAVLT;S4H_VW_ZVLTPS_CADEIAVLT_R;
ZVLTPS_ESTRGEO;S4H_TB_ZVLTPS_ESTRGEO;S4H_VW_ZVLTPS_ESTRGEO_R;
ZVLTPS_ESTRGEOT;S4H_TB_ZVLTPS_ESTRGEOT;S4H_VW_ZVLTPS_ESTRGEOT_R;
ZVLTPS_PROJTYPE;S4H_TB_ZVLTPS_PROJTYPE;S4H_VW_ZVLTPS_PROJTYPE_R;
ZVLTSD_MONIT_EMB;S4H_TB_ZVLTSD_MONIT_EMB;S4H_VW_ZVLTSD_MONIT_EMB_R;
ZWATEHDADOSADC;S4H_TB_ZWATEHDADOSADC;S4H_VW_ZWATEHDADOSADC_R;
ZWATEHMID;S4H_TB_ZWATEHMID;S4H_VW_ZWATEHMID_R;
ZWATEHTPSERVICO;S4H_TB_ZWATEHTPSERVICO;S4H_VW_ZWATEHTPSERVICO_R;
